Variety,Herbicide,Rep,Rating,Rating_Cor
7144,metr,1,0.849056604,0.849056604
7198,metr,1,1.029411765,0.9999
7224,metr,1,0.875,0.875
7253,metr,1,1.046153846,0.9999
0900GT,metr,1,0.9,0.9
1071R2X,metr,1,0.794573643,0.794573643
1091R2X,metr,1,0.760869565,0.760869565
1122R2X,metr,1,0.726950355,0.726950355
1142R2X,metr,1,0.815602837,0.815602837
1154R2X,metr,1,0.944680851,0.944680851
1171R2Y,metr,1,0.933333333,0.933333333
1173R2X,metr,1,0.894736842,0.894736842
1182R2X,metr,1,0.715789474,0.715789474
1203R2X,metr,1,0.673758865,0.673758865
1213R2X,metr,1,1.0625,0.9999
1218N,metr,1,0.646551724,0.646551724
1223R2X,metr,1,1.053921569,0.9999
1243R2X,metr,1,0.666666667,0.666666667
1484CR2Y,metr,1,0.877192982,0.877192982
1518N,metr,1,0.84,0.84
1627X,metr,1,0.96969697,0.96969697
1863CR2Y,metr,1,0.720720721,0.720720721
19BA23,metr,1,0.932539683,0.932539683
2008GT,metr,1,0.816666667,0.816666667
2018N,metr,1,0.894736842,0.894736842
20B7,metr,1,0.808510638,0.808510638
2138GT,metr,1,0.984,0.984
2152CR2Y,metr,1,0.8,0.8
2155N,metr,1,0.849056604,0.849056604
2188AT12N,metr,1,0.912280702,0.912280702
2308GT,metr,1,0.761904762,0.761904762
236LL,metr,1,0.725,0.725
25G8,metr,1,0.771428571,0.771428571
266LL,metr,1,0.904761905,0.904761905
2808GT,metr,1,0.708333333,0.708333333
2938GT,metr,1,0.775,0.775
6097R2 ,metr,1,0.958333333,0.958333333
7239X,metr,1,0.99537037,0.99537037
8087R2Y,metr,1,0.581818182,0.581818182
8107R2Y,metr,1,0.646551724,0.646551724
8146R2Y,metr,1,0.544217687,0.544217687
8153R2Y,metr,1,0.708571429,0.708571429
8196R2Y,metr,1,0.912280702,0.912280702
8247R2Y,metr,1,0.755555556,0.755555556
9159RR2X,metr,1,0.866666667,0.866666667
9229RR2X,metr,1,0.952380952,0.952380952
9258RR2X,metr,1,0.709219858,0.709219858
AG04X9,metr,1,0.866666667,0.866666667
AG05X9,metr,1,0.666666667,0.666666667
AG08X8,metr,1,0.762411348,0.762411348
AG11X8,metr,1,0.744827586,0.744827586
AG14X8,metr,1,0.614035088,0.614035088
AG18X9,metr,1,0.648148148,0.648148148
AG19X8,metr,1,0.65,0.65
AG20X9,metr,1,0.733333333,0.733333333
AG23X9,metr,1,0.829090909,0.829090909
AG24X9,metr,1,0.822222222,0.822222222
AG27X9,metr,1,0.586206897,0.586206897
BG7110R2Y,metr,1,0.614035088,0.614035088
BG7141R2Y,metr,1,0.543859649,0.543859649
BG7151R2Y,metr,1,0.683333333,0.683333333
BG8210RR2X,metr,1,0.710526316,0.710526316
C0850R2,metr,1,0.897435897,0.897435897
C1000RX,metr,1,0.657142857,0.657142857
C1414RX,metr,1,0.810810811,0.810810811
C1428R2,metr,1,0.81,0.81
C1838RX,metr,1,0.465116279,0.465116279
C2020R2,metr,1,0.729166667,0.729166667
C2255R2,metr,1,0.833333333,0.833333333
C2888RX,metr,1,0.882758621,0.882758621
CB22R88,metr,1,0.56,0.56
CB23X00,metr,1,0.633333333,0.633333333
CB24R82,metr,1,0.694736842,0.694736842
CB24X64,metr,1,0.825,0.825
CB26R30,metr,1,0.826923077,0.826923077
CB26X67,metr,1,0.6875,0.6875
CB27X81,metr,1,0.662857143,0.662857143
CB28R58,metr,1,0.824561404,0.824561404
CB29X90,metr,1,0.711864407,0.711864407
Dane,metr,1,0.879310345,0.879310345
DSR-0711/R2Y,metr,1,0.816666667,0.816666667
DSR-0807/R2Y,metr,1,0.883333333,0.883333333
DSR-0988/R2Y,metr,1,0.771929825,0.771929825
DSR-1120/R2Y,metr,1,0.765957447,0.765957447
DSR-1313/R2Y,metr,1,0.763888889,0.763888889
DSR-1475/R2Y,metr,1,0.84,0.84
DSR-1526/R2Y,metr,1,0.754385965,0.754385965
DSR-1721/R2Y,metr,1,0.66,0.66
DSR-1870/R2Y,metr,1,0.666666667,0.666666667
DSR-1950/R2Y,metr,1,0.672413793,0.672413793
DSR-2110/R2Y,metr,1,0.7,0.7
DSR-2330/R2Y,metr,1,0.792792793,0.792792793
DSR-2616/R2Y,metr,1,0.698275862,0.698275862
DSR-2909/R2Y,metr,1,0.64137931,0.64137931
ER17141,metr,1,0.766666667,0.766666667
ER18090,metr,1,0.45,0.45
F0990N R2X,metr,1,0.767045455,0.767045455
F106N RR2Y,metr,1,0.793103448,0.793103448
F1490N R2X,metr,1,0.746527778,0.746527778
F154N RR2Y,metr,1,1.111111111,0.9999
F1690N R2X,metr,1,0.888888889,0.888888889
G1502RX,metr,1,0.692307692,0.692307692
G1850RX,metr,1,0.682352941,0.682352941
G2105RX,metr,1,0.64,0.64
G2250RX,metr,1,0.823863636,0.823863636
G2405RX,metr,1,0.761904762,0.761904762
G2900RX,metr,1,0.778985507,0.778985507
GH1619X Brand,metr,1,0.697278912,0.697278912
GH1915X Brand,metr,1,0.627118644,0.627118644
GH2041X Brand,metr,1,0.815972222,0.815972222
GH2230X Brand,metr,1,0.659722222,0.659722222
GH2537X Brand,metr,1,0.888888889,0.888888889
GH2788X Brand,metr,1,1.184,0.9999
HS 16X80,metr,1,0.772727273,0.772727273
HS 18X70,metr,1,0.663461538,0.663461538
HS 21X70,metr,1,0.622222222,0.622222222
HS 22X80,metr,1,0.789473684,0.789473684
HS 23X70,metr,1,0.4375,0.4375
HS 24X80,metr,1,0.795454545,0.795454545
HS 25X70,metr,1,0.888888889,0.888888889
HS 27X80,metr,1,0.777777778,0.777777778
HS 28X70,metr,1,0.857142857,0.857142857
LGS0774RX,metr,1,0.658823529,0.658823529
LGS1635RX,metr,1,0.57,0.57
LGS2007RX,metr,1,0.64,0.64
LGS2239RX,metr,1,0.904761905,0.904761905
LGS2444RX,metr,1,0.897435897,0.897435897
LGS2680RX,metr,1,0.8125,0.8125
LGS2759RX,metr,1,0.72972973,0.72972973
LS 0380HP,metr,1,0.814814815,0.814814815
LS 0702HP,metr,1,0.813492063,0.813492063
LS 0990HP,metr,1,1,0.9999
LS 1172LLN,metr,1,2.526315789,0.9999
LS 11R760N,metr,1,0.610169492,0.610169492
LS 12X862N,metr,1,0.786324786,0.786324786
LS 1380HP,metr,1,0.833333333,0.833333333
LS 14R22N,metr,1,0.888888889,0.888888889
LS 14X862N,metr,1,0.928571429,0.928571429
LS 1527LLN,metr,1,0.576,0.576
LS 16X932N,metr,1,0.839506173,0.839506173
LS 17C930N,metr,1,0.807017544,0.807017544
LS 18X860N,metr,1,0.440677966,0.440677966
LS 20R524N,metr,1,0.706896552,0.706896552
LS 20X963N,metr,1,0.820512821,0.820512821
LS 2180HP,metr,1,0.828571429,0.828571429
LS 21C964N,metr,1,0.666666667,0.666666667
LS 23X920N,metr,1,0.888888889,0.888888889
LS 24C756N,metr,1,1,0.9999
LS 24X842N,metr,1,0.87037037,0.87037037
LS 2580NHP,metr,1,0.763888889,0.763888889
LS 25X924N,metr,1,0.7,0.7
LS 27R524N,metr,1,0.631578947,0.631578947
LS 2880NHP,metr,1,0.862745098,0.862745098
LS 28C726N,metr,1,0.597826087,0.597826087
LS 28X840N,metr,1,0.736842105,0.736842105
LS 29X952N,metr,1,1,0.9999
LS-0646 RR2,metr,1,0.821428571,0.821428571
LS-0738N RR2X,metr,1,0.722222222,0.722222222
LS-1039N RR2,metr,1,0.633962264,0.633962264
LS-1138N RR2X,metr,1,0.759183673,0.759183673
LS-1439N RR2X,metr,1,0.877192982,0.877192982
LS14C953N,metr,1,0.857142857,0.857142857
LS-1639N RR2X,metr,1,0.807692308,0.807692308
LS-1838N RR2X,metr,1,0.652631579,0.652631579
LS-2139N RR2X,metr,1,0.756756757,0.756756757
LS-2339N RR2X,metr,1,0.651041667,0.651041667
MN1410,metr,1,0.78125,0.78125
O.1202N,metr,1,0.8,0.8
O.2518N,metr,1,0.84,0.84
O'SOY1901GT,metr,1,1.045454545,0.9999
O'SOY245NR2Y,metr,1,0.807692308,0.807692308
O'SOY2500GT,metr,1,0.515151515,0.515151515
RS084NR2,metr,1,0.84,0.84
RS089NX,metr,1,0.85,0.85
RS096NR2,metr,1,0.866666667,0.866666667
RS149NX,metr,1,0.918918919,0.918918919
RS153NR2,metr,1,0.8,0.8
RS169NX,metr,1,0.82,0.82
RS188NX,metr,1,0.633333333,0.633333333
RS207NX,metr,1,0.883333333,0.883333333
RS219NX,metr,1,0.84,0.84
RS239NX,metr,1,0.927272727,0.927272727
RS241R2,metr,1,0.909090909,0.909090909
RS248NX,metr,1,0.744680851,0.744680851
RS269NX,metr,1,0.746527778,0.746527778
RS288NX,metr,1,0.827586207,0.827586207
S07-Q4X Brand,metr,1,0.778378378,0.778378378
S09-R8X Brand,metr,1,0.758974359,0.758974359
S10-H7X Brand ,metr,1,0.631578947,0.631578947
S14-B2X Brand,metr,1,0.842105263,0.842105263
S14XT98,metr,1,0.714285714,0.714285714
S17RY67,metr,1,0.64137931,0.64137931
S18-G4X Brand ,metr,1,0.861111111,0.861111111
S18-H3X Brand,metr,1,0.914285714,0.914285714
S18XT38,metr,1,0.833333333,0.833333333
S20-J5X Brand,metr,1,0.977777778,0.977777778
S20-T6 Brand,metr,1,1.11627907,0.9999
S21-W8X Brand,metr,1,1.044444444,0.9999
S21XT49,metr,1,0.578231293,0.578231293
S23XT78,metr,1,0.669642857,0.669642857
S24RY87,metr,1,0.635897436,0.635897436
S25-B6X Brand ,metr,1,0.803921569,0.803921569
S27-M8X Brand,metr,1,0.96875,0.96875
S28XT58,metr,1,0.79787234,0.79787234
S29-K3X Brand,metr,1,1.162162162,0.9999
SB0718,metr,1,0.847058824,0.847058824
SB1270,metr,1,0.516666667,0.516666667
SB165,metr,1,0.886524823,0.886524823
SB86,metr,1,0.633333333,0.633333333
SB90,metr,1,0.680851064,0.680851064
SVX 18T02,metr,1,0.84,0.84
SVX 18T05,metr,1,0.694444444,0.694444444
SVX 18T07,metr,1,0.921052632,0.921052632
SVX 18T08,metr,1,0.918367347,0.918367347
SVX 18T09,metr,1,0.616666667,0.616666667
SVX 18T10,metr,1,1.020833333,0.9999
SVX 18T12,metr,1,0.833333333,0.833333333
SX18716XT,metr,1,0.8125,0.8125
SX18723XT,metr,1,0.769230769,0.769230769
SX18814XT,metr,1,0.698181818,0.698181818
X12BB22,metr,1,0.844444444,0.844444444
7144,metr,2,0.833333333,0.833333333
7198,metr,2,1,0.9999
7224,metr,2,1.176470588,0.9999
7253,metr,2,0.933333333,0.933333333
0900GT,metr,2,0.898305085,0.898305085
1071R2X,metr,2,0.937931034,0.937931034
1091R2X,metr,2,0.775510204,0.775510204
1122R2X,metr,2,1.072340426,0.9999
1142R2X,metr,2,0.807692308,0.807692308
1154R2X,metr,2,0.531914894,0.531914894
1171R2Y,metr,2,0.744827586,0.744827586
1173R2X,metr,2,0.583333333,0.583333333
1182R2X,metr,2,0.833333333,0.833333333
1203R2X,metr,2,0.518518519,0.518518519
1213R2X,metr,2,0.588235294,0.588235294
1218N,metr,2,0.708333333,0.708333333
1223R2X,metr,2,0.545454545,0.545454545
1243R2X,metr,2,0.753968254,0.753968254
1484CR2Y,metr,2,0.979591837,0.979591837
1518N,metr,2,0.716666667,0.716666667
1627X,metr,2,0.805555556,0.805555556
1863CR2Y,metr,2,0.8,0.8
19BA23,metr,2,1.018518519,0.9999
2008GT,metr,2,0.945454545,0.945454545
2018N,metr,2,0.62,0.62
20B7,metr,2,0.853846154,0.853846154
2138GT,metr,2,0.680851064,0.680851064
2152CR2Y,metr,2,0.854545455,0.854545455
2155N,metr,2,0.833333333,0.833333333
2188AT12N,metr,2,0.72,0.72
2308GT,metr,2,0.625,0.625
236LL,metr,2,1,0.9999
25G8,metr,2,0.681818182,0.681818182
266LL,metr,2,0.857142857,0.857142857
2808GT,metr,2,0.754385965,0.754385965
2938GT,metr,2,0.888888889,0.888888889
6097R2 ,metr,2,1.051282051,0.9999
7239X,metr,2,0.886363636,0.886363636
8087R2Y,metr,2,0.553571429,0.553571429
8107R2Y,metr,2,0.909090909,0.909090909
8146R2Y,metr,2,0.607142857,0.607142857
8153R2Y,metr,2,0.80952381,0.80952381
8196R2Y,metr,2,0.894736842,0.894736842
8247R2Y,metr,2,0.852631579,0.852631579
9159RR2X,metr,2,0.727272727,0.727272727
9229RR2X,metr,2,0.705882353,0.705882353
9258RR2X,metr,2,0.738738739,0.738738739
AG04X9,metr,2,0.86,0.86
AG05X9,metr,2,0.837606838,0.837606838
AG08X8,metr,2,0.796610169,0.796610169
AG11X8,metr,2,0.814814815,0.814814815
AG14X8,metr,2,0.781818182,0.781818182
AG18X9,metr,2,0.854545455,0.854545455
AG19X8,metr,2,0.754716981,0.754716981
AG20X9,metr,2,0.822222222,0.822222222
AG23X9,metr,2,0.975,0.975
AG24X9,metr,2,1.022222222,0.9999
AG27X9,metr,2,0.576576577,0.576576577
BG7110R2Y,metr,2,0.7,0.7
BG7141R2Y,metr,2,0.711864407,0.711864407
BG7151R2Y,metr,2,0.508474576,0.508474576
BG8210RR2X,metr,2,0.777777778,0.777777778
C0850R2,metr,2,0.708333333,0.708333333
C1000RX,metr,2,0.763888889,0.763888889
C1414RX,metr,2,0.38,0.38
C1428R2,metr,2,0.458333333,0.458333333
C1838RX,metr,2,0.66122449,0.66122449
C2020R2,metr,2,0.8,0.8
C2255R2,metr,2,0.85,0.85
C2888RX,metr,2,0.893617021,0.893617021
CB22R88,metr,2,0.630434783,0.630434783
CB23X00,metr,2,0.685714286,0.685714286
CB24R82,metr,2,0.807692308,0.807692308
CB24X64,metr,2,0.84375,0.84375
CB26R30,metr,2,0.888888889,0.888888889
CB26X67,metr,2,0.598958333,0.598958333
CB27X81,metr,2,0.794573643,0.794573643
CB28R58,metr,2,0.762411348,0.762411348
CB29X90,metr,2,0.762711864,0.762711864
Dane,metr,2,0.87037037,0.87037037
DSR-0711/R2Y,metr,2,0.78,0.78
DSR-0807/R2Y,metr,2,0.778947368,0.778947368
DSR-0988/R2Y,metr,2,0.765306122,0.765306122
DSR-1120/R2Y,metr,2,0.733333333,0.733333333
DSR-1313/R2Y,metr,2,0.9,0.9
DSR-1475/R2Y,metr,2,0.816666667,0.816666667
DSR-1526/R2Y,metr,2,0.783333333,0.783333333
DSR-1721/R2Y,metr,2,0.593220339,0.593220339
DSR-1870/R2Y,metr,2,0.64957265,0.64957265
DSR-1950/R2Y,metr,2,0.711864407,0.711864407
DSR-2110/R2Y,metr,2,0.652173913,0.652173913
DSR-2330/R2Y,metr,2,0.755555556,0.755555556
DSR-2616/R2Y,metr,2,0.680851064,0.680851064
DSR-2909/R2Y,metr,2,0.906666667,0.906666667
ER17141,metr,2,0.874576271,0.874576271
ER18090,metr,2,0.533333333,0.533333333
F0990N R2X,metr,2,0.833333333,0.833333333
F106N RR2Y,metr,2,0.537735849,0.537735849
F1490N R2X,metr,2,0.842105263,0.842105263
F154N RR2Y,metr,2,0.757575758,0.757575758
F1690N R2X,metr,2,0.666666667,0.666666667
G1502RX,metr,2,0.846153846,0.846153846
G1850RX,metr,2,0.666666667,0.666666667
G2105RX,metr,2,0.865384615,0.865384615
G2250RX,metr,2,0.734126984,0.734126984
G2405RX,metr,2,0.775193798,0.775193798
G2900RX,metr,2,0.724137931,0.724137931
GH1619X Brand,metr,2,0.739130435,0.739130435
GH1915X Brand,metr,2,0.684210526,0.684210526
GH2041X Brand,metr,2,0.683333333,0.683333333
GH2230X Brand,metr,2,0.813559322,0.813559322
GH2537X Brand,metr,2,0.736842105,0.736842105
GH2788X Brand,metr,2,0.916666667,0.916666667
HS 16X80,metr,2,0.777027027,0.777027027
HS 18X70,metr,2,0.818181818,0.818181818
HS 21X70,metr,2,0.775193798,0.775193798
HS 22X80,metr,2,0.569105691,0.569105691
HS 23X70,metr,2,0.900900901,0.900900901
HS 24X80,metr,2,1,0.9999
HS 25X70,metr,2,0.964912281,0.964912281
HS 27X80,metr,2,0.78,0.78
HS 28X70,metr,2,0.720930233,0.720930233
LGS0774RX,metr,2,1,0.9999
LGS1635RX,metr,2,0.46875,0.46875
LGS2007RX,metr,2,0.833333333,0.833333333
LGS2239RX,metr,2,0.744047619,0.744047619
LGS2444RX,metr,2,0.72,0.72
LGS2680RX,metr,2,0.617142857,0.617142857
LGS2759RX,metr,2,0.75,0.75
LS 0380HP,metr,2,0.909090909,0.909090909
LS 0702HP,metr,2,0.864864865,0.864864865
LS 0990HP,metr,2,0.797101449,0.797101449
LS 1172LLN,metr,2,0.894117647,0.894117647
LS 11R760N,metr,2,0.888888889,0.888888889
LS 12X862N,metr,2,0.916666667,0.916666667
LS 1380HP,metr,2,#DIV/0!,#DIV/0!
LS 14R22N,metr,2,0.784313725,0.784313725
LS 14X862N,metr,2,0.844444444,0.844444444
LS 1527LLN,metr,2,0.533333333,0.533333333
LS 16X932N,metr,2,0.166666667,0.166666667
LS 17C930N,metr,2,0.830769231,0.830769231
LS 18X860N,metr,2,0.81,0.81
LS 20R524N,metr,2,0.863095238,0.863095238
LS 20X963N,metr,2,0.625,0.625
LS 2180HP,metr,2,1.208333333,0.9999
LS 21C964N,metr,2,0.733333333,0.733333333
LS 23X920N,metr,2,0.611111111,0.611111111
LS 24C756N,metr,2,1.032,0.9999
LS 24X842N,metr,2,0.833333333,0.833333333
LS 2580NHP,metr,2,0.852272727,0.852272727
LS 25X924N,metr,2,0.685714286,0.685714286
LS 27R524N,metr,2,0.762411348,0.762411348
LS 2880NHP,metr,2,0.884615385,0.884615385
LS 28C726N,metr,2,0.462962963,0.462962963
LS 28X840N,metr,2,0.688405797,0.688405797
LS 29X952N,metr,2,0.952380952,0.952380952
LS-0646 RR2,metr,2,0.872727273,0.872727273
LS-0738N RR2X,metr,2,0.638888889,0.638888889
LS-1039N RR2,metr,2,0.588679245,0.588679245
LS-1138N RR2X,metr,2,0.785454545,0.785454545
LS-1439N RR2X,metr,2,0.815602837,0.815602837
LS14C953N,metr,2,0.625,0.625
LS-1639N RR2X,metr,2,0.448717949,0.448717949
LS-1838N RR2X,metr,2,0.926315789,0.926315789
LS-2139N RR2X,metr,2,0.75862069,0.75862069
LS-2339N RR2X,metr,2,0.789473684,0.789473684
MN1410,metr,2,0.82,0.82
O.1202N,metr,2,0.7,0.7
O.2518N,metr,2,0.827586207,0.827586207
O'SOY1901GT,metr,2,0.734693878,0.734693878
O'SOY245NR2Y,metr,2,0.824242424,0.824242424
O'SOY2500GT,metr,2,0.432692308,0.432692308
RS084NR2,metr,2,0.833333333,0.833333333
RS089NX,metr,2,0.883333333,0.883333333
RS096NR2,metr,2,0.827586207,0.827586207
RS149NX,metr,2,0.9,0.9
RS153NR2,metr,2,0.807017544,0.807017544
RS169NX,metr,2,0.970588235,0.970588235
RS188NX,metr,2,1.058823529,0.9999
RS207NX,metr,2,0.72,0.72
RS219NX,metr,2,0.78,0.78
RS239NX,metr,2,0.833333333,0.833333333
RS241R2,metr,2,0.872727273,0.872727273
RS248NX,metr,2,0.851851852,0.851851852
RS269NX,metr,2,0.936,0.936
RS288NX,metr,2,0.870588235,0.870588235
S07-Q4X Brand,metr,2,0.907407407,0.907407407
S09-R8X Brand,metr,2,0.777142857,0.777142857
S10-H7X Brand ,metr,2,1.01010101,0.9999
S14-B2X Brand,metr,2,0.888888889,0.888888889
S14XT98,metr,2,0.833333333,0.833333333
S17RY67,metr,2,0.691525424,0.691525424
S18-G4X Brand ,metr,2,0.930851064,0.930851064
S18-H3X Brand,metr,2,0.833333333,0.833333333
S18XT38,metr,2,0.703125,0.703125
S20-J5X Brand,metr,2,0.862745098,0.862745098
S20-T6 Brand,metr,2,0.711111111,0.711111111
S21-W8X Brand,metr,2,0.93495935,0.93495935
S21XT49,metr,2,0.722222222,0.722222222
S23XT78,metr,2,0.655172414,0.655172414
S24RY87,metr,2,0.711111111,0.711111111
S25-B6X Brand ,metr,2,0.980769231,0.980769231
S27-M8X Brand,metr,2,0.914634146,0.914634146
S28XT58,metr,2,0.847058824,0.847058824
S29-K3X Brand,metr,2,0.837735849,0.837735849
SB0718,metr,2,0.844827586,0.844827586
SB1270,metr,2,0.646551724,0.646551724
SB165,metr,2,0.895833333,0.895833333
SB86,metr,2,0.825,0.825
SB90,metr,2,0.962962963,0.962962963
SVX 18T02,metr,2,0.962962963,0.962962963
SVX 18T05,metr,2,0.896551724,0.896551724
SVX 18T07,metr,2,1.117647059,0.9999
SVX 18T08,metr,2,1,0.9999
SVX 18T09,metr,2,0.666666667,0.666666667
SVX 18T10,metr,2,0.8,0.8
SVX 18T12,metr,2,0.68,0.68
SX18716XT,metr,2,0.515151515,0.515151515
SX18723XT,metr,2,0.555555556,0.555555556
SX18814XT,metr,2,0.894230769,0.894230769
X12BB22,metr,2,0.770833333,0.770833333
7144,metr,3,1.133333333,0.9999
7198,metr,3,1.111111111,0.9999
7224,metr,3,1.223958333,0.9999
7253,metr,3,0.382978723,0.382978723
0900GT,metr,3,0.716666667,0.716666667
1071R2X,metr,3,1,0.9999
1091R2X,metr,3,0.8125,0.8125
1122R2X,metr,3,0.740740741,0.740740741
1142R2X,metr,3,0.735849057,0.735849057
1154R2X,metr,3,0.769230769,0.769230769
1171R2Y,metr,3,0.755102041,0.755102041
1173R2X,metr,3,0.777777778,0.777777778
1182R2X,metr,3,0.623076923,0.623076923
1203R2X,metr,3,0.852713178,0.852713178
1213R2X,metr,3,0.866666667,0.866666667
1218N,metr,3,0.824561404,0.824561404
1223R2X,metr,3,0.692307692,0.692307692
1243R2X,metr,3,0.722222222,0.722222222
1484CR2Y,metr,3,0.8,0.8
1518N,metr,3,0.976744186,0.976744186
1627X,metr,3,0.804347826,0.804347826
1863CR2Y,metr,3,0.844444444,0.844444444
19BA23,metr,3,0.924528302,0.924528302
2008GT,metr,3,0.7,0.7
2018N,metr,3,0.953488372,0.953488372
20B7,metr,3,0.815217391,0.815217391
2138GT,metr,3,0.85106383,0.85106383
2152CR2Y,metr,3,0.876923077,0.876923077
2155N,metr,3,1.194444444,0.9999
2188AT12N,metr,3,0.82,0.82
2308GT,metr,3,0.733333333,0.733333333
236LL,metr,3,0.6875,0.6875
25G8,metr,3,0.99537037,0.99537037
266LL,metr,3,0.807692308,0.807692308
2808GT,metr,3,0.805555556,0.805555556
2938GT,metr,3,0.742857143,0.742857143
6097R2 ,metr,3,2.384615385,0.9999
7239X,metr,3,1.093333333,0.9999
8087R2Y,metr,3,0.543478261,0.543478261
8107R2Y,metr,3,0.814285714,0.814285714
8146R2Y,metr,3,0.754385965,0.754385965
8153R2Y,metr,3,0.852272727,0.852272727
8196R2Y,metr,3,0.726950355,0.726950355
8247R2Y,metr,3,0.666666667,0.666666667
9159RR2X,metr,3,0.625,0.625
9229RR2X,metr,3,0.6875,0.6875
9258RR2X,metr,3,1.181818182,0.9999
AG04X9,metr,3,0.878571429,0.878571429
AG05X9,metr,3,0.72,0.72
AG08X8,metr,3,0.56,0.56
AG11X8,metr,3,0.8,0.8
AG14X8,metr,3,0.722222222,0.722222222
AG18X9,metr,3,0.826923077,0.826923077
AG19X8,metr,3,0.960784314,0.960784314
AG20X9,metr,3,0.93877551,0.93877551
AG23X9,metr,3,0.783333333,0.783333333
AG24X9,metr,3,0.803921569,0.803921569
AG27X9,metr,3,0.688172043,0.688172043
BG7110R2Y,metr,3,0.923423423,0.923423423
BG7141R2Y,metr,3,0.603773585,0.603773585
BG7151R2Y,metr,3,0.654545455,0.654545455
BG8210RR2X,metr,3,0.425925926,0.425925926
C0850R2,metr,3,#DIV/0!,#DIV/0!
C1000RX,metr,3,0.823529412,0.823529412
C1414RX,metr,3,0.975609756,0.975609756
C1428R2,metr,3,0.933333333,0.933333333
C1838RX,metr,3,0.857843137,0.857843137
C2020R2,metr,3,2.065217391,0.9999
C2255R2,metr,3,0.801282051,0.801282051
C2888RX,metr,3,0.790598291,0.790598291
CB22R88,metr,3,0.793650794,0.793650794
CB23X00,metr,3,0.87037037,0.87037037
CB24R82,metr,3,0.694736842,0.694736842
CB24X64,metr,3,0.814814815,0.814814815
CB26R30,metr,3,0.865384615,0.865384615
CB26X67,metr,3,0.84,0.84
CB27X81,metr,3,0.918367347,0.918367347
CB28R58,metr,3,0.897435897,0.897435897
CB29X90,metr,3,1,0.9999
Dane,metr,3,0.854237288,0.854237288
DSR-0711/R2Y,metr,3,0.760869565,0.760869565
DSR-0807/R2Y,metr,3,0.795454545,0.795454545
DSR-0988/R2Y,metr,3,0.754385965,0.754385965
DSR-1120/R2Y,metr,3,0.691489362,0.691489362
DSR-1313/R2Y,metr,3,0.641509434,0.641509434
DSR-1475/R2Y,metr,3,0.797101449,0.797101449
DSR-1526/R2Y,metr,3,0.833333333,0.833333333
DSR-1721/R2Y,metr,3,0.79245283,0.79245283
DSR-1870/R2Y,metr,3,0.711538462,0.711538462
DSR-1950/R2Y,metr,3,0.913043478,0.913043478
DSR-2110/R2Y,metr,3,0.558823529,0.558823529
DSR-2330/R2Y,metr,3,0.725,0.725
DSR-2616/R2Y,metr,3,0.679245283,0.679245283
DSR-2909/R2Y,metr,3,0.75,0.75
ER17141,metr,3,0.7,0.7
ER18090,metr,3,0.557142857,0.557142857
F0990N R2X,metr,3,0.723404255,0.723404255
F106N RR2Y,metr,3,0.84,0.84
F1490N R2X,metr,3,0.863636364,0.863636364
F154N RR2Y,metr,3,0.681818182,0.681818182
F1690N R2X,metr,3,0.567567568,0.567567568
G1502RX,metr,3,0.788461538,0.788461538
G1850RX,metr,3,0.6,0.6
G2105RX,metr,3,0.676363636,0.676363636
G2250RX,metr,3,0.727272727,0.727272727
G2405RX,metr,3,0.8,0.8
G2900RX,metr,3,0.78,0.78
GH1619X Brand,metr,3,0.851851852,0.851851852
GH1915X Brand,metr,3,0.830188679,0.830188679
GH2041X Brand,metr,3,0.803571429,0.803571429
GH2230X Brand,metr,3,0.660714286,0.660714286
GH2537X Brand,metr,3,0.657894737,0.657894737
GH2788X Brand,metr,3,0.694736842,0.694736842
HS 16X80,metr,3,0.845588235,0.845588235
HS 18X70,metr,3,0.774774775,0.774774775
HS 21X70,metr,3,0.704545455,0.704545455
HS 22X80,metr,3,0.284090909,0.284090909
HS 23X70,metr,3,0.441176471,0.441176471
HS 24X80,metr,3,0.9375,0.9375
HS 25X70,metr,3,0.833333333,0.833333333
HS 27X80,metr,3,0.523809524,0.523809524
HS 28X70,metr,3,0.87,0.87
LGS0774RX,metr,3,0.75862069,0.75862069
LGS1635RX,metr,3,1.5,0.9999
LGS2007RX,metr,3,0.714893617,0.714893617
LGS2239RX,metr,3,1.08,0.9999
LGS2444RX,metr,3,0.697674419,0.697674419
LGS2680RX,metr,3,0.594339623,0.594339623
LGS2759RX,metr,3,0.652173913,0.652173913
LS 0380HP,metr,3,0.833333333,0.833333333
LS 0702HP,metr,3,0.736842105,0.736842105
LS 0990HP,metr,3,0.843137255,0.843137255
LS 1172LLN,metr,3,0.958333333,0.958333333
LS 11R760N,metr,3,0.9,0.9
LS 12X862N,metr,3,0.836538462,0.836538462
LS 1380HP,metr,3,0,0
LS 14R22N,metr,3,1,0.9999
LS 14X862N,metr,3,0.863095238,0.863095238
LS 1527LLN,metr,3,0.669230769,0.669230769
LS 16X932N,metr,3,0.296296296,0.296296296
LS 17C930N,metr,3,0.850909091,0.850909091
LS 18X860N,metr,3,0.657894737,0.657894737
LS 20R524N,metr,3,0.75,0.75
LS 20X963N,metr,3,0.597826087,0.597826087
LS 2180HP,metr,3,0.807017544,0.807017544
LS 21C964N,metr,3,0.790909091,0.790909091
LS 23X920N,metr,3,0.605405405,0.605405405
LS 24C756N,metr,3,0.752941176,0.752941176
LS 24X842N,metr,3,0.738738739,0.738738739
LS 2580NHP,metr,3,0.821621622,0.821621622
LS 25X924N,metr,3,0.631578947,0.631578947
LS 27R524N,metr,3,0.722222222,0.722222222
LS 2880NHP,metr,3,0.99537037,0.99537037
LS 28C726N,metr,3,1.025641026,0.9999
LS 28X840N,metr,3,0.72,0.72
LS 29X952N,metr,3,0.851449275,0.851449275
LS-0646 RR2,metr,3,0.778846154,0.778846154
LS-0738N RR2X,metr,3,0.725,0.725
LS-1039N RR2,metr,3,0.953947368,0.953947368
LS-1138N RR2X,metr,3,0.861111111,0.861111111
LS-1439N RR2X,metr,3,0.754385965,0.754385965
LS14C953N,metr,3,0.954545455,0.954545455
LS-1639N RR2X,metr,3,0.543478261,0.543478261
LS-1838N RR2X,metr,3,0.844444444,0.844444444
LS-2139N RR2X,metr,3,0.631578947,0.631578947
LS-2339N RR2X,metr,3,0.660714286,0.660714286
MN1410,metr,3,0.905172414,0.905172414
O.1202N,metr,3,0.961538462,0.961538462
O.2518N,metr,3,0.74,0.74
O'SOY1901GT,metr,3,0.685714286,0.685714286
O'SOY245NR2Y,metr,3,0.706896552,0.706896552
O'SOY2500GT,metr,3,0.644444444,0.644444444
RS084NR2,metr,3,0.929824561,0.929824561
RS089NX,metr,3,0.931034483,0.931034483
RS096NR2,metr,3,0.8,0.8
RS149NX,metr,3,0.921568627,0.921568627
RS153NR2,metr,3,0.442176871,0.442176871
RS169NX,metr,3,0.683333333,0.683333333
RS188NX,metr,3,0.820754717,0.820754717
RS207NX,metr,3,0.888888889,0.888888889
RS219NX,metr,3,0.807692308,0.807692308
RS239NX,metr,3,0.847058824,0.847058824
RS241R2,metr,3,0.949612403,0.949612403
RS248NX,metr,3,0.838709677,0.838709677
RS269NX,metr,3,0.862745098,0.862745098
RS288NX,metr,3,0.833333333,0.833333333
S07-Q4X Brand,metr,3,0.946236559,0.946236559
S09-R8X Brand,metr,3,0.912698413,0.912698413
S10-H7X Brand ,metr,3,0.964705882,0.964705882
S14-B2X Brand,metr,3,0.610465116,0.610465116
S14XT98,metr,3,0.888888889,0.888888889
S17RY67,metr,3,0.696428571,0.696428571
S18-G4X Brand ,metr,3,0.784313725,0.784313725
S18-H3X Brand,metr,3,0.826923077,0.826923077
S18XT38,metr,3,0.634057971,0.634057971
S20-J5X Brand,metr,3,0.810810811,0.810810811
S20-T6 Brand,metr,3,0.816326531,0.816326531
S21-W8X Brand,metr,3,0.790697674,0.790697674
S21XT49,metr,3,0.688888889,0.688888889
S23XT78,metr,3,0.62962963,0.62962963
S24RY87,metr,3,0.941176471,0.941176471
S25-B6X Brand ,metr,3,0.952380952,0.952380952
S27-M8X Brand,metr,3,1.214285714,0.9999
S28XT58,metr,3,0.723214286,0.723214286
S29-K3X Brand,metr,3,0.833333333,0.833333333
SB0718,metr,3,0.931818182,0.931818182
SB1270,metr,3,0.84,0.84
SB165,metr,3,0.905660377,0.905660377
SB86,metr,3,1.186206897,0.9999
SB90,metr,3,0.830769231,0.830769231
SVX 18T02,metr,3,0.888888889,0.888888889
SVX 18T05,metr,3,0.765517241,0.765517241
SVX 18T07,metr,3,0.185840708,0.185840708
SVX 18T08,metr,3,0.669230769,0.669230769
SVX 18T09,metr,3,1.05,0.9999
SVX 18T10,metr,3,0.816326531,0.816326531
SVX 18T12,metr,3,0.85,0.85
SX18716XT,metr,3,0.771428571,0.771428571
SX18723XT,metr,3,0.727272727,0.727272727
SX18814XT,metr,3,0.723684211,0.723684211
X12BB22,metr,3,0.844444444,0.844444444
7144,sulf,1,0.830188679,0.830188679
7198,sulf,1,0.784313725,0.784313725
7224,sulf,1,0.708333333,0.708333333
7253,sulf,1,1,0.9999
0900GT,sulf,1,0.833333333,0.833333333
1071R2X,sulf,1,0.697674419,0.697674419
1091R2X,sulf,1,0.760869565,0.760869565
1122R2X,sulf,1,0.723404255,0.723404255
1142R2X,sulf,1,0.585106383,0.585106383
1154R2X,sulf,1,0.914893617,0.914893617
1171R2Y,sulf,1,0.925925926,0.925925926
1173R2X,sulf,1,1.184210526,0.9999
1182R2X,sulf,1,0.842105263,0.842105263
1203R2X,sulf,1,0.886524823,0.886524823
1213R2X,sulf,1,0.975,0.975
1218N,sulf,1,0.6,0.6
1223R2X,sulf,1,0.980392157,0.980392157
1243R2X,sulf,1,0.759259259,0.759259259
1484CR2Y,sulf,1,0.666666667,0.666666667
1518N,sulf,1,0.75,0.75
1627X,sulf,1,0.868686869,0.868686869
1863CR2Y,sulf,1,0.792792793,0.792792793
19BA23,sulf,1,0.813492063,0.813492063
2008GT,sulf,1,0.84,0.84
2018N,sulf,1,0.807017544,0.807017544
20B7,sulf,1,0.791489362,0.791489362
2138GT,sulf,1,0.9,0.9
2152CR2Y,sulf,1,0.621621622,0.621621622
2155N,sulf,1,0.79245283,0.79245283
2188AT12N,sulf,1,0.821052632,0.821052632
2308GT,sulf,1,0.552380952,0.552380952
236LL,sulf,1,0.5625,0.5625
25G8,sulf,1,0.785714286,0.785714286
266LL,sulf,1,0.914285714,0.914285714
2808GT,sulf,1,0.572916667,0.572916667
2938GT,sulf,1,0.8125,0.8125
6097R2 ,sulf,1,0.675,0.675
7239X,sulf,1,0.925925926,0.925925926
8087R2Y,sulf,1,0.98989899,0.98989899
8107R2Y,sulf,1,0.827586207,0.827586207
8146R2Y,sulf,1,0.816326531,0.816326531
8153R2Y,sulf,1,0.845714286,0.845714286
8196R2Y,sulf,1,0.757894737,0.757894737
8247R2Y,sulf,1,0.866666667,0.866666667
9159RR2X,sulf,1,0.466666667,0.466666667
9229RR2X,sulf,1,0.785714286,0.785714286
9258RR2X,sulf,1,0.673758865,0.673758865
AG04X9,sulf,1,0.759259259,0.759259259
AG05X9,sulf,1,0.87037037,0.87037037
AG08X8,sulf,1,0.744680851,0.744680851
AG11X8,sulf,1,0.724137931,0.724137931
AG14X8,sulf,1,0.771929825,0.771929825
AG18X9,sulf,1,0.75,0.75
AG19X8,sulf,1,0.8,0.8
AG20X9,sulf,1,0.6,0.6
AG23X9,sulf,1,0.545454545,0.545454545
AG24X9,sulf,1,0.740740741,0.740740741
AG27X9,sulf,1,0.5,0.5
BG7110R2Y,sulf,1,0.824561404,0.824561404
BG7141R2Y,sulf,1,0.701754386,0.701754386
BG7151R2Y,sulf,1,0.733333333,0.733333333
BG8210RR2X,sulf,1,0.754385965,0.754385965
C0850R2,sulf,1,0.833333333,0.833333333
C1000RX,sulf,1,0.952380952,0.952380952
C1414RX,sulf,1,0.891891892,0.891891892
C1428R2,sulf,1,0.87,0.87
C1838RX,sulf,1,0.445736434,0.445736434
C2020R2,sulf,1,0.729166667,0.729166667
C2255R2,sulf,1,0.899122807,0.899122807
C2888RX,sulf,1,0.75862069,0.75862069
CB22R88,sulf,1,0.48,0.48
CB23X00,sulf,1,0.633333333,0.633333333
CB24R82,sulf,1,0.673684211,0.673684211
CB24X64,sulf,1,0.791666667,0.791666667
CB26R30,sulf,1,0.519230769,0.519230769
CB26X67,sulf,1,0.791666667,0.791666667
CB27X81,sulf,1,0.628571429,0.628571429
CB28R58,sulf,1,0.719298246,0.719298246
CB29X90,sulf,1,0.491525424,0.491525424
Dane,sulf,1,0.537931034,0.537931034
DSR-0711/R2Y,sulf,1,0.566666667,0.566666667
DSR-0807/R2Y,sulf,1,0.766666667,0.766666667
DSR-0988/R2Y,sulf,1,0.789473684,0.789473684
DSR-1120/R2Y,sulf,1,0.815602837,0.815602837
DSR-1313/R2Y,sulf,1,0.850694444,0.850694444
DSR-1475/R2Y,sulf,1,0.766666667,0.766666667
DSR-1526/R2Y,sulf,1,0.789473684,0.789473684
DSR-1721/R2Y,sulf,1,0.683333333,0.683333333
DSR-1870/R2Y,sulf,1,0.825,0.825
DSR-1950/R2Y,sulf,1,0.786206897,0.786206897
DSR-2110/R2Y,sulf,1,0.75,0.75
DSR-2330/R2Y,sulf,1,0.684684685,0.684684685
DSR-2616/R2Y,sulf,1,0.465517241,0.465517241
DSR-2909/R2Y,sulf,1,0.806896552,0.806896552
ER17141,sulf,1,0.775,0.775
ER18090,sulf,1,0.783333333,0.783333333
F0990N R2X,sulf,1,0.871212121,0.871212121
F106N RR2Y,sulf,1,0.868965517,0.868965517
F1490N R2X,sulf,1,0.6875,0.6875
F154N RR2Y,sulf,1,0.911111111,0.911111111
F1690N R2X,sulf,1,1.033333333,0.9999
G1502RX,sulf,1,0.557692308,0.557692308
G1850RX,sulf,1,0.745098039,0.745098039
G2105RX,sulf,1,0.87,0.87
G2250RX,sulf,1,0.852272727,0.852272727
G2405RX,sulf,1,0.773809524,0.773809524
G2900RX,sulf,1,0.525362319,0.525362319
GH1619X Brand,sulf,1,0.663265306,0.663265306
GH1915X Brand,sulf,1,0.677966102,0.677966102
GH2041X Brand,sulf,1,0.815972222,0.815972222
GH2230X Brand,sulf,1,0.78125,0.78125
GH2537X Brand,sulf,1,0.987654321,0.987654321
GH2788X Brand,sulf,1,0.84,0.84
HS 16X80,sulf,1,0.647727273,0.647727273
HS 18X70,sulf,1,0.721153846,0.721153846
HS 21X70,sulf,1,0.740740741,0.740740741
HS 22X80,sulf,1,0.701754386,0.701754386
HS 23X70,sulf,1,0.53125,0.53125
HS 24X80,sulf,1,0.473484848,0.473484848
HS 25X70,sulf,1,0.555555556,0.555555556
HS 27X80,sulf,1,0.666666667,0.666666667
HS 28X70,sulf,1,0.589285714,0.589285714
LGS0774RX,sulf,1,0.647058824,0.647058824
LGS1635RX,sulf,1,0.81,0.81
LGS2007RX,sulf,1,0.822857143,0.822857143
LGS2239RX,sulf,1,1.047619048,0.9999
LGS2444RX,sulf,1,0.615384615,0.615384615
LGS2680RX,sulf,1,0.6875,0.6875
LGS2759RX,sulf,1,0.627027027,0.627027027
LS 0380HP,sulf,1,0.888888889,0.888888889
LS 0702HP,sulf,1,0.952380952,0.952380952
LS 0990HP,sulf,1,1.068376068,0.9999
LS 1172LLN,sulf,1,0.8,0.8
LS 11R760N,sulf,1,0.671186441,0.671186441
LS 12X862N,sulf,1,0.717948718,0.717948718
LS 1380HP,sulf,1,0.916666667,0.916666667
LS 14R22N,sulf,1,0.75,0.75
LS 14X862N,sulf,1,0.964285714,0.964285714
LS 1527LLN,sulf,1,0.9,0.9
LS 16X932N,sulf,1,0.859259259,0.859259259
LS 17C930N,sulf,1,0.884210526,0.884210526
LS 18X860N,sulf,1,0.813559322,0.813559322
LS 20R524N,sulf,1,0.827586207,0.827586207
LS 20X963N,sulf,1,0.717948718,0.717948718
LS 2180HP,sulf,1,1.023809524,0.9999
LS 21C964N,sulf,1,0.9,0.9
LS 23X920N,sulf,1,0.777777778,0.777777778
LS 24C756N,sulf,1,0.694444444,0.694444444
LS 24X842N,sulf,1,0.733333333,0.733333333
LS 2580NHP,sulf,1,0.854166667,0.854166667
LS 25X924N,sulf,1,0.8,0.8
LS 27R524N,sulf,1,0.842105263,0.842105263
LS 2880NHP,sulf,1,0.494117647,0.494117647
LS 28C726N,sulf,1,0.717391304,0.717391304
LS 28X840N,sulf,1,0.649122807,0.649122807
LS 29X952N,sulf,1,0.666666667,0.666666667
LS-0646 RR2,sulf,1,0.664285714,0.664285714
LS-0738N RR2X,sulf,1,0.888888889,0.888888889
LS-1039N RR2,sulf,1,0.849056604,0.849056604
LS-1138N RR2X,sulf,1,0.836734694,0.836734694
LS-1439N RR2X,sulf,1,0.684210526,0.684210526
LS14C953N,sulf,1,1.142857143,0.9999
LS-1639N RR2X,sulf,1,0.894230769,0.894230769
LS-1838N RR2X,sulf,1,0.771929825,0.771929825
LS-2139N RR2X,sulf,1,0.756756757,0.756756757
LS-2339N RR2X,sulf,1,0.503472222,0.503472222
MN1410,sulf,1,0.763888889,0.763888889
O.1202N,sulf,1,0.8,0.8
O.2518N,sulf,1,0.783333333,0.783333333
O'SOY1901GT,sulf,1,0.977272727,0.977272727
O'SOY245NR2Y,sulf,1,0.738461538,0.738461538
O'SOY2500GT,sulf,1,0.727272727,0.727272727
RS084NR2,sulf,1,0.766666667,0.766666667
RS089NX,sulf,1,0.716666667,0.716666667
RS096NR2,sulf,1,0.7,0.7
RS149NX,sulf,1,0.738738739,0.738738739
RS153NR2,sulf,1,0.84,0.84
RS169NX,sulf,1,0.65,0.65
RS188NX,sulf,1,0.84,0.84
RS207NX,sulf,1,0.883333333,0.883333333
RS219NX,sulf,1,0.866666667,0.866666667
RS239NX,sulf,1,0.741818182,0.741818182
RS241R2,sulf,1,0.931818182,0.931818182
RS248NX,sulf,1,0.787234043,0.787234043
RS269NX,sulf,1,0.902777778,0.902777778
RS288NX,sulf,1,0.646551724,0.646551724
S07-Q4X Brand,sulf,1,0.900900901,0.900900901
S09-R8X Brand,sulf,1,0.8,0.8
S10-H7X Brand ,sulf,1,0.736842105,0.736842105
S14-B2X Brand,sulf,1,0.789473684,0.789473684
S14XT98,sulf,1,0.696428571,0.696428571
S17RY67,sulf,1,0.844827586,0.844827586
S18-G4X Brand ,sulf,1,0.833333333,0.833333333
S18-H3X Brand,sulf,1,0.895238095,0.895238095
S18XT38,sulf,1,0.656028369,0.656028369
S20-J5X Brand,sulf,1,0.955555556,0.955555556
S20-T6 Brand,sulf,1,1.11627907,0.9999
S21-W8X Brand,sulf,1,1.044444444,0.9999
S21XT49,sulf,1,0.697278912,0.697278912
S23XT78,sulf,1,0.9,0.9
S24RY87,sulf,1,0.786324786,0.786324786
S25-B6X Brand ,sulf,1,0.882352941,0.882352941
S27-M8X Brand,sulf,1,0.71875,0.71875
S28XT58,sulf,1,0.620567376,0.620567376
S29-K3X Brand,sulf,1,0.810810811,0.810810811
SB0718,sulf,1,0.852941176,0.852941176
SB1270,sulf,1,0.75,0.75
SB165,sulf,1,0.664893617,0.664893617
SB86,sulf,1,0.72,0.72
SB90,sulf,1,0.808510638,0.808510638
SVX 18T02,sulf,1,0.6,0.6
SVX 18T05,sulf,1,0.648148148,0.648148148
SVX 18T07,sulf,1,0.736842105,0.736842105
SVX 18T08,sulf,1,0.775510204,0.775510204
SVX 18T09,sulf,1,0.52,0.52
SVX 18T10,sulf,1,0.598958333,0.598958333
SVX 18T12,sulf,1,0.816666667,0.816666667
SX18716XT,sulf,1,0.84375,0.84375
SX18723XT,sulf,1,0.769230769,0.769230769
SX18814XT,sulf,1,0.72,0.72
X12BB22,sulf,1,0.833333333,0.833333333
7144,sulf,2,0.825,0.825
7198,sulf,2,0.971428571,0.971428571
7224,sulf,2,0.808823529,0.808823529
7253,sulf,2,0.866666667,0.866666667
0900GT,sulf,2,0.881355932,0.881355932
1071R2X,sulf,2,0.931034483,0.931034483
1091R2X,sulf,2,0.710204082,0.710204082
1122R2X,sulf,2,0.595744681,0.595744681
1142R2X,sulf,2,0.738461538,0.738461538
1154R2X,sulf,2,0.723404255,0.723404255
1171R2Y,sulf,2,0.662068966,0.662068966
1173R2X,sulf,2,0.85,0.85
1182R2X,sulf,2,0.875,0.875
1203R2X,sulf,2,0.888888889,0.888888889
1213R2X,sulf,2,0.823529412,0.823529412
1218N,sulf,2,0.755208333,0.755208333
1223R2X,sulf,2,0.563636364,0.563636364
1243R2X,sulf,2,0.785714286,0.785714286
1484CR2Y,sulf,2,0.857142857,0.857142857
1518N,sulf,2,0.816666667,0.816666667
1627X,sulf,2,0.814814815,0.814814815
1863CR2Y,sulf,2,0.736842105,0.736842105
19BA23,sulf,2,0.916666667,0.916666667
2008GT,sulf,2,0.808080808,0.808080808
2018N,sulf,2,0.75,0.75
20B7,sulf,2,0.653846154,0.653846154
2138GT,sulf,2,0.904255319,0.904255319
2152CR2Y,sulf,2,0.545454545,0.545454545
2155N,sulf,2,0.888888889,0.888888889
2188AT12N,sulf,2,0.72,0.72
2308GT,sulf,2,0.572916667,0.572916667
236LL,sulf,2,0.6875,0.6875
25G8,sulf,2,0.738636364,0.738636364
266LL,sulf,2,1,0.9999
2808GT,sulf,2,0.710526316,0.710526316
2938GT,sulf,2,0.711111111,0.711111111
6097R2 ,sulf,2,1.107692308,0.9999
7239X,sulf,2,0.863636364,0.863636364
8087R2Y,sulf,2,0.883928571,0.883928571
8107R2Y,sulf,2,0.994318182,0.994318182
8146R2Y,sulf,2,0.857142857,0.857142857
8153R2Y,sulf,2,0.952380952,0.952380952
8196R2Y,sulf,2,0.757894737,0.757894737
8247R2Y,sulf,2,0.894736842,0.894736842
9159RR2X,sulf,2,0.818181818,0.818181818
9229RR2X,sulf,2,0.745098039,0.745098039
9258RR2X,sulf,2,0.67027027,0.67027027
AG04X9,sulf,2,0.7,0.7
AG05X9,sulf,2,0.769230769,0.769230769
AG08X8,sulf,2,0.881355932,0.881355932
AG11X8,sulf,2,0.796296296,0.796296296
AG14X8,sulf,2,0.8,0.8
AG18X9,sulf,2,0.854545455,0.854545455
AG19X8,sulf,2,0.905660377,0.905660377
AG20X9,sulf,2,0.759259259,0.759259259
AG23X9,sulf,2,0.6875,0.6875
AG24X9,sulf,2,0.711111111,0.711111111
AG27X9,sulf,2,0.562162162,0.562162162
BG7110R2Y,sulf,2,0.72,0.72
BG7141R2Y,sulf,2,0.728813559,0.728813559
BG7151R2Y,sulf,2,0.830508475,0.830508475
BG8210RR2X,sulf,2,0.777777778,0.777777778
C0850R2,sulf,2,0.875,0.875
C1000RX,sulf,2,0.763888889,0.763888889
C1414RX,sulf,2,0.7,0.7
C1428R2,sulf,2,0.875,0.875
C1838RX,sulf,2,0.795918367,0.795918367
C2020R2,sulf,2,0.666666667,0.666666667
C2255R2,sulf,2,0.675,0.675
C2888RX,sulf,2,0.70212766,0.70212766
CB22R88,sulf,2,0.561594203,0.561594203
CB23X00,sulf,2,0.704761905,0.704761905
CB24R82,sulf,2,0.711538462,0.711538462
CB24X64,sulf,2,0.729166667,0.729166667
CB26R30,sulf,2,0.555555556,0.555555556
CB26X67,sulf,2,0.677083333,0.677083333
CB27X81,sulf,2,0.581395349,0.581395349
CB28R58,sulf,2,0.744680851,0.744680851
CB29X90,sulf,2,0.457627119,0.457627119
Dane,sulf,2,0.611111111,0.611111111
DSR-0711/R2Y,sulf,2,0.516666667,0.516666667
DSR-0807/R2Y,sulf,2,0.771929825,0.771929825
DSR-0988/R2Y,sulf,2,0.836734694,0.836734694
DSR-1120/R2Y,sulf,2,0.75,0.75
DSR-1313/R2Y,sulf,2,0.783333333,0.783333333
DSR-1475/R2Y,sulf,2,0.783333333,0.783333333
DSR-1526/R2Y,sulf,2,0.766666667,0.766666667
DSR-1721/R2Y,sulf,2,0.752542373,0.752542373
DSR-1870/R2Y,sulf,2,0.8,0.8
DSR-1950/R2Y,sulf,2,0.830508475,0.830508475
DSR-2110/R2Y,sulf,2,0.652173913,0.652173913
DSR-2330/R2Y,sulf,2,0.911111111,0.911111111
DSR-2616/R2Y,sulf,2,0.283687943,0.283687943
DSR-2909/R2Y,sulf,2,1.2,0.9999
ER17141,sulf,2,0.833898305,0.833898305
ER18090,sulf,2,0.833333333,0.833333333
F0990N R2X,sulf,2,0.952380952,0.952380952
F106N RR2Y,sulf,2,0.905660377,0.905660377
F1490N R2X,sulf,2,0.694736842,0.694736842
F154N RR2Y,sulf,2,0.852272727,0.852272727
F1690N R2X,sulf,2,0.888888889,0.888888889
G1502RX,sulf,2,0.692307692,0.692307692
G1850RX,sulf,2,0.789473684,0.789473684
G2105RX,sulf,2,0.884615385,0.884615385
G2250RX,sulf,2,0.922619048,0.922619048
G2405RX,sulf,2,0.794573643,0.794573643
G2900RX,sulf,2,0.475862069,0.475862069
GH1619X Brand,sulf,2,0.826086957,0.826086957
GH1915X Brand,sulf,2,0.8,0.8
GH2041X Brand,sulf,2,0.725,0.725
GH2230X Brand,sulf,2,0.661016949,0.661016949
GH2537X Brand,sulf,2,0.631578947,0.631578947
GH2788X Brand,sulf,2,0.825,0.825
HS 16X80,sulf,2,0.756756757,0.756756757
HS 18X70,sulf,2,0.954545455,0.954545455
HS 21X70,sulf,2,0.726744186,0.726744186
HS 22X80,sulf,2,0.792682927,0.792682927
HS 23X70,sulf,2,0.720720721,0.720720721
HS 24X80,sulf,2,0.59375,0.59375
HS 25X70,sulf,2,0.657894737,0.657894737
HS 27X80,sulf,2,0.64,0.64
HS 28X70,sulf,2,0.534883721,0.534883721
LGS0774RX,sulf,2,0.984615385,0.984615385
LGS1635RX,sulf,2,0.9375,0.9375
LGS2007RX,sulf,2,1.027027027,0.9999
LGS2239RX,sulf,2,0.68452381,0.68452381
LGS2444RX,sulf,2,0.6,0.6
LGS2680RX,sulf,2,0.8,0.8
LGS2759RX,sulf,2,0.707142857,0.707142857
LS 0380HP,sulf,2,0.938181818,0.938181818
LS 0702HP,sulf,2,0.882882883,0.882882883
LS 0990HP,sulf,2,0.842391304,0.842391304
LS 1172LLN,sulf,2,0.917647059,0.917647059
LS 11R760N,sulf,2,0.822222222,0.822222222
LS 12X862N,sulf,2,1.166666667,0.9999
LS 1380HP,sulf,2,#DIV/0!,#DIV/0!
LS 14R22N,sulf,2,0.794117647,0.794117647
LS 14X862N,sulf,2,0.685185185,0.685185185
LS 1527LLN,sulf,2,0.828571429,0.828571429
LS 16X932N,sulf,2,0.611111111,0.611111111
LS 17C930N,sulf,2,0.9,0.9
LS 18X860N,sulf,2,0.86,0.86
LS 20R524N,sulf,2,0.904761905,0.904761905
LS 20X963N,sulf,2,0.75,0.75
LS 2180HP,sulf,2,1.083333333,0.9999
LS 21C964N,sulf,2,0.888888889,0.888888889
LS 23X920N,sulf,2,0.777777778,0.777777778
LS 24C756N,sulf,2,0.8,0.8
LS 24X842N,sulf,2,0.777777778,0.777777778
LS 2580NHP,sulf,2,0.833333333,0.833333333
LS 25X924N,sulf,2,0.885714286,0.885714286
LS 27R524N,sulf,2,0.85106383,0.85106383
LS 2880NHP,sulf,2,0.557692308,0.557692308
LS 28C726N,sulf,2,0.638888889,0.638888889
LS 28X840N,sulf,2,0.543478261,0.543478261
LS 29X952N,sulf,2,0.525714286,0.525714286
LS-0646 RR2,sulf,2,0.781818182,0.781818182
LS-0738N RR2X,sulf,2,0.777777778,0.777777778
LS-1039N RR2,sulf,2,0.811320755,0.811320755
LS-1138N RR2X,sulf,2,0.672727273,0.672727273
LS-1439N RR2X,sulf,2,0.726950355,0.726950355
LS14C953N,sulf,2,0.958333333,0.958333333
LS-1639N RR2X,sulf,2,0.948717949,0.948717949
LS-1838N RR2X,sulf,2,0.8,0.8
LS-2139N RR2X,sulf,2,0.689655172,0.689655172
LS-2339N RR2X,sulf,2,0.684210526,0.684210526
MN1410,sulf,2,0.733333333,0.733333333
O.1202N,sulf,2,0.75,0.75
O.2518N,sulf,2,0.786206897,0.786206897
O'SOY1901GT,sulf,2,0.734693878,0.734693878
O'SOY245NR2Y,sulf,2,0.727272727,0.727272727
O'SOY2500GT,sulf,2,0.75,0.75
RS084NR2,sulf,2,0.816666667,0.816666667
RS089NX,sulf,2,0.7,0.7
RS096NR2,sulf,2,0.744827586,0.744827586
RS149NX,sulf,2,0.675,0.675
RS153NR2,sulf,2,0.789473684,0.789473684
RS169NX,sulf,2,0.921568627,0.921568627
RS188NX,sulf,2,0.745098039,0.745098039
RS207NX,sulf,2,0.72,0.72
RS219NX,sulf,2,0.866666667,0.866666667
RS239NX,sulf,2,0.683333333,0.683333333
RS241R2,sulf,2,0.872727273,0.872727273
RS248NX,sulf,2,0.822222222,0.822222222
RS269NX,sulf,2,0.864,0.864
RS288NX,sulf,2,0.617647059,0.617647059
S07-Q4X Brand,sulf,2,0.8,0.8
S09-R8X Brand,sulf,2,0.731428571,0.731428571
S10-H7X Brand ,sulf,2,0.787878788,0.787878788
S14-B2X Brand,sulf,2,0.8,0.8
S14XT98,sulf,2,1.111111111,0.9999
S17RY67,sulf,2,0.838983051,0.838983051
S18-G4X Brand ,sulf,2,0.585106383,0.585106383
S18-H3X Brand,sulf,2,0.666666667,0.666666667
S18XT38,sulf,2,0.850694444,0.850694444
S20-J5X Brand,sulf,2,0.894117647,0.894117647
S20-T6 Brand,sulf,2,0.711111111,0.711111111
S21-W8X Brand,sulf,2,0.995934959,0.995934959
S21XT49,sulf,2,0.822222222,0.822222222
S23XT78,sulf,2,0.75862069,0.75862069
S24RY87,sulf,2,0.888888889,0.888888889
S25-B6X Brand ,sulf,2,0.576923077,0.576923077
S27-M8X Brand,sulf,2,0.853658537,0.853658537
S28XT58,sulf,2,0.752941176,0.752941176
S29-K3X Brand,sulf,2,0.452830189,0.452830189
SB0718,sulf,2,0.827586207,0.827586207
SB1270,sulf,2,0.827586207,0.827586207
SB165,sulf,2,0.729166667,0.729166667
SB86,sulf,2,0.433333333,0.433333333
SB90,sulf,2,0.925925926,0.925925926
SVX 18T02,sulf,2,0.685185185,0.685185185
SVX 18T05,sulf,2,0.724137931,0.724137931
SVX 18T07,sulf,2,0.970588235,0.970588235
SVX 18T08,sulf,2,0.911111111,0.911111111
SVX 18T09,sulf,2,0.733333333,0.733333333
SVX 18T10,sulf,2,0.633333333,0.633333333
SVX 18T12,sulf,2,0.816666667,0.816666667
SX18716XT,sulf,2,0.909090909,0.909090909
SX18723XT,sulf,2,0.759259259,0.759259259
SX18814XT,sulf,2,0.738461538,0.738461538
X12BB22,sulf,2,0.895833333,0.895833333
7144,sulf,3,1.133333333,0.9999
7198,sulf,3,0.875,0.875
7224,sulf,3,0.963541667,0.963541667
7253,sulf,3,0.70212766,0.70212766
0900GT,sulf,3,0.875,0.875
1071R2X,sulf,3,0.913043478,0.913043478
1091R2X,sulf,3,0.875,0.875
1122R2X,sulf,3,0.685185185,0.685185185
1142R2X,sulf,3,0.928301887,0.928301887
1154R2X,sulf,3,0.75,0.75
1171R2Y,sulf,3,0.782312925,0.782312925
1173R2X,sulf,3,0.814814815,0.814814815
1182R2X,sulf,3,0.894230769,0.894230769
1203R2X,sulf,3,0.872093023,0.872093023
1213R2X,sulf,3,0.888888889,0.888888889
1218N,sulf,3,0.736842105,0.736842105
1223R2X,sulf,3,0.673076923,0.673076923
1243R2X,sulf,3,0.703703704,0.703703704
1484CR2Y,sulf,3,0.78,0.78
1518N,sulf,3,1.01744186,0.9999
1627X,sulf,3,0.706521739,0.706521739
1863CR2Y,sulf,3,0.888888889,0.888888889
19BA23,sulf,3,0.905660377,0.905660377
2008GT,sulf,3,0.7,0.7
2018N,sulf,3,1.023255814,0.9999
20B7,sulf,3,0.797101449,0.797101449
2138GT,sulf,3,0.718085106,0.718085106
2152CR2Y,sulf,3,0.673076923,0.673076923
2155N,sulf,3,1.277777778,0.9999
2188AT12N,sulf,3,0.84,0.84
2308GT,sulf,3,0.575,0.575
236LL,sulf,3,0.875,0.875
25G8,sulf,3,0.916666667,0.916666667
266LL,sulf,3,0.538461538,0.538461538
2808GT,sulf,3,0.694444444,0.694444444
2938GT,sulf,3,0.514285714,0.514285714
6097R2 ,sulf,3,1.025641026,0.9999
7239X,sulf,3,0.864,0.864
8087R2Y,sulf,3,0.826086957,0.826086957
8107R2Y,sulf,3,0.878571429,0.878571429
8146R2Y,sulf,3,0.859649123,0.859649123
8153R2Y,sulf,3,0.772727273,0.772727273
8196R2Y,sulf,3,0.829787234,0.829787234
8247R2Y,sulf,3,0.666666667,0.666666667
9159RR2X,sulf,3,0.75,0.75
9229RR2X,sulf,3,0.65625,0.65625
9258RR2X,sulf,3,0.988636364,0.988636364
AG04X9,sulf,3,0.910714286,0.910714286
AG05X9,sulf,3,0.76,0.76
AG08X8,sulf,3,0.85,0.85
AG11X8,sulf,3,0.666666667,0.666666667
AG14X8,sulf,3,0.833333333,0.833333333
AG18X9,sulf,3,0.615384615,0.615384615
AG19X8,sulf,3,0.941176471,0.941176471
AG20X9,sulf,3,0.897959184,0.897959184
AG23X9,sulf,3,0.56,0.56
AG24X9,sulf,3,0.941176471,0.941176471
AG27X9,sulf,3,0.593548387,0.593548387
BG7110R2Y,sulf,3,0.648648649,0.648648649
BG7141R2Y,sulf,3,0.849056604,0.849056604
BG7151R2Y,sulf,3,0.854545455,0.854545455
BG8210RR2X,sulf,3,0.796296296,0.796296296
C0850R2,sulf,3,0.863636364,0.863636364
C1000RX,sulf,3,0.941176471,0.941176471
C1414RX,sulf,3,0.701219512,0.701219512
C1428R2,sulf,3,0.777777778,0.777777778
C1838RX,sulf,3,0.784313725,0.784313725
C2020R2,sulf,3,0.739130435,0.739130435
C2255R2,sulf,3,0.871794872,0.871794872
C2888RX,sulf,3,0.538461538,0.538461538
CB22R88,sulf,3,0.873015873,0.873015873
CB23X00,sulf,3,0.666666667,0.666666667
CB24R82,sulf,3,0.684210526,0.684210526
CB24X64,sulf,3,0.8,0.8
CB26R30,sulf,3,0.738461538,0.738461538
CB26X67,sulf,3,0.792,0.792
CB27X81,sulf,3,0.587755102,0.587755102
CB28R58,sulf,3,0.948717949,0.948717949
CB29X90,sulf,3,0.6,0.6
Dane,sulf,3,0.650847458,0.650847458
DSR-0711/R2Y,sulf,3,0.673913043,0.673913043
DSR-0807/R2Y,sulf,3,0.909090909,0.909090909
DSR-0988/R2Y,sulf,3,0.757894737,0.757894737
DSR-1120/R2Y,sulf,3,0.893617021,0.893617021
DSR-1313/R2Y,sulf,3,0.830188679,0.830188679
DSR-1475/R2Y,sulf,3,0.742753623,0.742753623
DSR-1526/R2Y,sulf,3,0.887681159,0.887681159
DSR-1721/R2Y,sulf,3,0.943396226,0.943396226
DSR-1870/R2Y,sulf,3,0.807692308,0.807692308
DSR-1950/R2Y,sulf,3,0.97826087,0.97826087
DSR-2110/R2Y,sulf,3,0.588235294,0.588235294
DSR-2330/R2Y,sulf,3,0.9375,0.9375
DSR-2616/R2Y,sulf,3,0.396226415,0.396226415
DSR-2909/R2Y,sulf,3,0.6875,0.6875
ER17141,sulf,3,0.78,0.78
ER18090,sulf,3,0.910714286,0.910714286
F0990N R2X,sulf,3,0.595744681,0.595744681
F106N RR2Y,sulf,3,0.84,0.84
F1490N R2X,sulf,3,0.738636364,0.738636364
F154N RR2Y,sulf,3,0.795454545,0.795454545
F1690N R2X,sulf,3,0.783783784,0.783783784
G1502RX,sulf,3,0.807692308,0.807692308
G1850RX,sulf,3,0.745454545,0.745454545
G2105RX,sulf,3,0.727272727,0.727272727
G2250RX,sulf,3,0.676363636,0.676363636
G2405RX,sulf,3,0.740740741,0.740740741
G2900RX,sulf,3,0.533333333,0.533333333
GH1619X Brand,sulf,3,0.844444444,0.844444444
GH1915X Brand,sulf,3,0.70754717,0.70754717
GH2041X Brand,sulf,3,0.792857143,0.792857143
GH2230X Brand,sulf,3,0.814285714,0.814285714
GH2537X Brand,sulf,3,0.526315789,0.526315789
GH2788X Brand,sulf,3,0.315789474,0.315789474
HS 16X80,sulf,3,0.808823529,0.808823529
HS 18X70,sulf,3,0.72972973,0.72972973
HS 21X70,sulf,3,0.662878788,0.662878788
HS 22X80,sulf,3,0.653409091,0.653409091
HS 23X70,sulf,3,0.647058824,0.647058824
HS 24X80,sulf,3,0.84375,0.84375
HS 25X70,sulf,3,0.842105263,0.842105263
HS 27X80,sulf,3,0.928571429,0.928571429
HS 28X70,sulf,3,0.768,0.768
LGS0774RX,sulf,3,0.717241379,0.717241379
LGS1635RX,sulf,3,1.272727273,0.9999
LGS2007RX,sulf,3,0.919148936,0.919148936
LGS2239RX,sulf,3,0.925,0.925
LGS2444RX,sulf,3,0.581395349,0.581395349
LGS2680RX,sulf,3,0.396226415,0.396226415
LGS2759RX,sulf,3,0.5,0.5
LS 0380HP,sulf,3,0.926829268,0.926829268
LS 0702HP,sulf,3,0.842105263,0.842105263
LS 0990HP,sulf,3,0.901960784,0.901960784
LS 1172LLN,sulf,3,0.9,0.9
LS 11R760N,sulf,3,0.876923077,0.876923077
LS 12X862N,sulf,3,0.778846154,0.778846154
LS 1380HP,sulf,3,0.84,0.84
LS 14R22N,sulf,3,0.666666667,0.666666667
LS 14X862N,sulf,3,0.714285714,0.714285714
LS 1527LLN,sulf,3,0.865384615,0.865384615
LS 16X932N,sulf,3,0.722222222,0.722222222
LS 17C930N,sulf,3,0.850909091,0.850909091
LS 18X860N,sulf,3,0.863157895,0.863157895
LS 20R524N,sulf,3,0.9,0.9
LS 20X963N,sulf,3,0.739130435,0.739130435
LS 2180HP,sulf,3,0.473684211,0.473684211
LS 21C964N,sulf,3,0.872727273,0.872727273
LS 23X920N,sulf,3,0.621621622,0.621621622
LS 24C756N,sulf,3,0.745098039,0.745098039
LS 24X842N,sulf,3,0.691891892,0.691891892
LS 2580NHP,sulf,3,0.882882883,0.882882883
LS 25X924N,sulf,3,0.842105263,0.842105263
LS 27R524N,sulf,3,#DIV/0!,#DIV/0!
LS 2880NHP,sulf,3,0.740740741,0.740740741
LS 28C726N,sulf,3,0.854700855,0.854700855
LS 28X840N,sulf,3,0.768,0.768
LS 29X952N,sulf,3,0.434782609,0.434782609
LS-0646 RR2,sulf,3,0.969230769,0.969230769
LS-0738N RR2X,sulf,3,0.875,0.875
LS-1039N RR2,sulf,3,0.973684211,0.973684211
LS-1138N RR2X,sulf,3,0.866666667,0.866666667
LS-1439N RR2X,sulf,3,0.715789474,0.715789474
LS14C953N,sulf,3,0.886363636,0.886363636
LS-1639N RR2X,sulf,3,0.788043478,0.788043478
LS-1838N RR2X,sulf,3,0.916666667,0.916666667
LS-2139N RR2X,sulf,3,0.877192982,0.877192982
LS-2339N RR2X,sulf,3,0.714285714,0.714285714
MN1410,sulf,3,0.64137931,0.64137931
O.1202N,sulf,3,0.923076923,0.923076923
O.2518N,sulf,3,0.82,0.82
O'SOY1901GT,sulf,3,0.771428571,0.771428571
O'SOY245NR2Y,sulf,3,0.344827586,0.344827586
O'SOY2500GT,sulf,3,0.944444444,0.944444444
RS084NR2,sulf,3,0.821052632,0.821052632
RS089NX,sulf,3,0.793103448,0.793103448
RS096NR2,sulf,3,0.76,0.76
RS149NX,sulf,3,0.776470588,0.776470588
RS153NR2,sulf,3,0.734693878,0.734693878
RS169NX,sulf,3,0.8,0.8
RS188NX,sulf,3,1.047169811,0.9999
RS207NX,sulf,3,0.866666667,0.866666667
RS219NX,sulf,3,0.923076923,0.923076923
RS239NX,sulf,3,0.803921569,0.803921569
RS241R2,sulf,3,0.775193798,0.775193798
RS248NX,sulf,3,1.058064516,0.9999
RS269NX,sulf,3,0.988235294,0.988235294
RS288NX,sulf,3,0.577777778,0.577777778
S07-Q4X Brand,sulf,3,1.032258065,0.9999
S09-R8X Brand,sulf,3,0.674603175,0.674603175
S10-H7X Brand ,sulf,3,0.823529412,0.823529412
S14-B2X Brand,sulf,3,0.930232558,0.930232558
S14XT98,sulf,3,0.37037037,0.37037037
S17RY67,sulf,3,0.664285714,0.664285714
S18-G4X Brand ,sulf,3,0.776470588,0.776470588
S18-H3X Brand,sulf,3,0.865384615,0.865384615
S18XT38,sulf,3,0.739130435,0.739130435
S20-J5X Brand,sulf,3,0.837837838,0.837837838
S20-T6 Brand,sulf,3,0.955102041,0.955102041
S21-W8X Brand,sulf,3,0.976744186,0.976744186
S21XT49,sulf,3,0.833333333,0.833333333
S23XT78,sulf,3,0.733333333,0.733333333
S24RY87,sulf,3,0.852941176,0.852941176
S25-B6X Brand ,sulf,3,0.976190476,0.976190476
S27-M8X Brand,sulf,3,0.9375,0.9375
S28XT58,sulf,3,0.642857143,0.642857143
S29-K3X Brand,sulf,3,0.568181818,0.568181818
SB0718,sulf,3,0.928030303,0.928030303
SB1270,sulf,3,0.84,0.84
SB165,sulf,3,0.754716981,0.754716981
SB86,sulf,3,0.735632184,0.735632184
SB90,sulf,3,0.846153846,0.846153846
SVX 18T02,sulf,3,0.703703704,0.703703704
SVX 18T05,sulf,3,0.853448276,0.853448276
SVX 18T07,sulf,3,0.192477876,0.192477876
SVX 18T08,sulf,3,1,0.9999
SVX 18T09,sulf,3,0.9375,0.9375
SVX 18T10,sulf,3,0.578231293,0.578231293
SVX 18T12,sulf,3,0.88,0.88
SX18716XT,sulf,3,1.085714286,0.9999
SX18723XT,sulf,3,0.545454545,0.545454545
SX18814XT,sulf,3,0.763157895,0.763157895
X12BB22,sulf,3,0.933333333,0.933333333
